"","EVTYPE","yr","outcomes","totalamount"
"1","TORNADO",1950,"FATALITIES",70
"2","TORNADO",1951,"FATALITIES",34
"3","TORNADO",1952,"FATALITIES",230
"4","TORNADO",1953,"FATALITIES",519
"5","TORNADO",1954,"FATALITIES",36
"6","TORNADO",1955,"FATALITIES",129
"7","STORM",1955,"FATALITIES",0
"8","HAIL",1955,"FATALITIES",0
"9","STORM",1956,"FATALITIES",0
"10","HAIL",1956,"FATALITIES",0
"11","TORNADO",1956,"FATALITIES",83
"12","TORNADO",1957,"FATALITIES",193
"13","HAIL",1957,"FATALITIES",0
"14","STORM",1957,"FATALITIES",0
"15","TORNADO",1958,"FATALITIES",67
"16","STORM",1958,"FATALITIES",0
"17","HAIL",1958,"FATALITIES",0
"18","TORNADO",1959,"FATALITIES",58
"19","STORM",1959,"FATALITIES",0
"20","HAIL",1959,"FATALITIES",0
"21","TORNADO",1960,"FATALITIES",46
"22","STORM",1960,"FATALITIES",0
"23","HAIL",1960,"FATALITIES",0
"24","TORNADO",1961,"FATALITIES",52
"25","STORM",1961,"FATALITIES",0
"26","HAIL",1961,"FATALITIES",0
"27","TORNADO",1962,"FATALITIES",30
"28","STORM",1962,"FATALITIES",0
"29","HAIL",1962,"FATALITIES",0
"30","STORM",1963,"FATALITIES",0
"31","TORNADO",1963,"FATALITIES",31
"32","HAIL",1963,"FATALITIES",0
"33","TORNADO",1964,"FATALITIES",73
"34","STORM",1964,"FATALITIES",0
"35","HAIL",1964,"FATALITIES",0
"36","TORNADO",1965,"FATALITIES",301
"37","STORM",1965,"FATALITIES",0
"38","HAIL",1965,"FATALITIES",0
"39","STORM",1966,"FATALITIES",0
"40","TORNADO",1966,"FATALITIES",98
"41","HAIL",1966,"FATALITIES",0
"42","TORNADO",1967,"FATALITIES",114
"43","STORM",1967,"FATALITIES",0
"44","HAIL",1967,"FATALITIES",0
"45","TORNADO",1968,"FATALITIES",131
"46","STORM",1968,"FATALITIES",0
"47","HAIL",1968,"FATALITIES",0
"48","HAIL",1969,"FATALITIES",0
"49","STORM",1969,"FATALITIES",0
"50","TORNADO",1969,"FATALITIES",66
"51","STORM",1970,"FATALITIES",0
"52","TORNADO",1970,"FATALITIES",73
"53","HAIL",1970,"FATALITIES",0
"54","STORM",1971,"FATALITIES",0
"55","TORNADO",1971,"FATALITIES",159
"56","HAIL",1971,"FATALITIES",0
"57","TORNADO",1972,"FATALITIES",27
"58","STORM",1972,"FATALITIES",0
"59","HAIL",1972,"FATALITIES",0
"60","STORM",1973,"FATALITIES",0
"61","TORNADO",1973,"FATALITIES",89
"62","HAIL",1973,"FATALITIES",0
"63","HAIL",1974,"FATALITIES",0
"64","TORNADO",1974,"FATALITIES",366
"65","STORM",1974,"FATALITIES",0
"66","HAIL",1975,"FATALITIES",0
"67","STORM",1975,"FATALITIES",0
"68","TORNADO",1975,"FATALITIES",60
"69","STORM",1976,"FATALITIES",0
"70","TORNADO",1976,"FATALITIES",44
"71","HAIL",1976,"FATALITIES",0
"72","STORM",1977,"FATALITIES",0
"73","TORNADO",1977,"FATALITIES",43
"74","HAIL",1977,"FATALITIES",0
"75","STORM",1978,"FATALITIES",0
"76","TORNADO",1978,"FATALITIES",53
"77","HAIL",1978,"FATALITIES",0
"78","STORM",1979,"FATALITIES",0
"79","HAIL",1979,"FATALITIES",0
"80","TORNADO",1979,"FATALITIES",84
"81","HAIL",1980,"FATALITIES",0
"82","STORM",1980,"FATALITIES",0
"83","TORNADO",1980,"FATALITIES",28
"84","STORM",1981,"FATALITIES",0
"85","TORNADO",1981,"FATALITIES",24
"86","HAIL",1981,"FATALITIES",0
"87","TORNADO",1982,"FATALITIES",64
"88","HAIL",1982,"FATALITIES",0
"89","STORM",1982,"FATALITIES",0
"90","STORM",1983,"FATALITIES",3
"91","TORNADO",1983,"FATALITIES",34
"92","HAIL",1983,"FATALITIES",0
"93","STORM",1984,"FATALITIES",38
"94","TORNADO",1984,"FATALITIES",122
"95","HAIL",1984,"FATALITIES",0
"96","TORNADO",1985,"FATALITIES",94
"97","STORM",1985,"FATALITIES",18
"98","HAIL",1985,"FATALITIES",0
"99","STORM",1986,"FATALITIES",36
"100","HAIL",1986,"FATALITIES",0
"101","TORNADO",1986,"FATALITIES",15
"102","STORM",1987,"FATALITIES",30
"103","HAIL",1987,"FATALITIES",0
"104","TORNADO",1987,"FATALITIES",59
"105","HAIL",1988,"FATALITIES",0
"106","STORM",1988,"FATALITIES",23
"107","TORNADO",1988,"FATALITIES",32
"108","TORNADO",1989,"FATALITIES",50
"109","STORM",1989,"FATALITIES",29
"110","HAIL",1989,"FATALITIES",0
"111","HAIL",1990,"FATALITIES",0
"112","STORM",1990,"FATALITIES",42
"113","TORNADO",1990,"FATALITIES",53
"114","STORM",1991,"FATALITIES",30
"115","HAIL",1991,"FATALITIES",4
"116","TORNADO",1991,"FATALITIES",39
"117","STORM",1992,"FATALITIES",14
"118","TORNADO",1992,"FATALITIES",39
"119","HAIL",1992,"FATALITIES",1
"120","WINTER WEATHER",1995,"FATALITIES",30
"121","WINTER WEATHER",1994,"FATALITIES",15
"122","WINTER WEATHER",1993,"FATALITIES",67
"123","HURRICANE",1995,"FATALITIES",10
"124","HAIL",1993,"FATALITIES",0
"125","STORM",1993,"FATALITIES",34
"126","STORM",1994,"FATALITIES",92
"127","TORNADO",1994,"FATALITIES",48
"128","HAIL",1994,"FATALITIES",0
"129","HAIL",1995,"FATALITIES",3
"130","STORM",1995,"FATALITIES",134
"131","EXTREME TEMPERATURE",1995,"FATALITIES",898
"132","OTHER",1995,"FATALITIES",18
"133","MARINE SQUALL",1995,"FATALITIES",253
"134","TORNADO",1995,"FATALITIES",34
"135","FLOOD",1995,"FATALITIES",76
"136","HIGH WINDS",1993,"FATALITIES",31
"137","HIGH WINDS",1995,"FATALITIES",20
"138","TORNADO",1993,"FATALITIES",56
"139","HIGH WINDS",1994,"FATALITIES",4
"140","FLOOD",1994,"FATALITIES",86
"141","OTHER",1993,"FATALITIES",6
"142","FLOOD",1993,"FATALITIES",52
"143","EXTREME TEMPERATURE",1994,"FATALITIES",64
"144","MARINE SQUALL",1994,"FATALITIES",27
"145","EXTREME TEMPERATURE",1993,"FATALITIES",23
"146","MARINE SQUALL",1993,"FATALITIES",21
"147","OTHER",1994,"FATALITIES",6
"148","DROUGHT",1995,"FATALITIES",0
"149","DROUGHT",1994,"FATALITIES",0
"150","FIRE",1993,"FATALITIES",3
"151","FIRE",1994,"FATALITIES",0
"152","FIRE",1995,"FATALITIES",0
"153","HURRICANE",1993,"FATALITIES",0
"154","DROUGHT",1993,"FATALITIES",0
"155","HURRICANE",1994,"FATALITIES",0
"156","WINTER WEATHER",1996,"FATALITIES",84
"157","TORNADO",1996,"FATALITIES",26
"158","STORM",1996,"FATALITIES",88
"159","HAIL",1996,"FATALITIES",1
"160","HIGH WINDS",1996,"FATALITIES",31
"161","FLOOD",1996,"FATALITIES",124
"162","EXTREME TEMPERATURE",1996,"FATALITIES",91
"163","OTHER",1996,"FATALITIES",29
"164","MARINE SQUALL",1996,"FATALITIES",29
"165","FIRE",1996,"FATALITIES",0
"166","DROUGHT",1996,"FATALITIES",0
"167","HURRICANE",1996,"FATALITIES",17
"168","STORM",1997,"FATALITIES",92
"169","TORNADO",1997,"FATALITIES",68
"170","HAIL",1997,"FATALITIES",0
"171","EXTREME TEMPERATURE",1997,"FATALITIES",106
"172","FLOOD",1997,"FATALITIES",114
"173","WINTER WEATHER",1997,"FATALITIES",106
"174","HIGH WINDS",1997,"FATALITIES",38
"175","MARINE SQUALL",1997,"FATALITIES",16
"176","HURRICANE",1997,"FATALITIES",1
"177","OTHER",1997,"FATALITIES",34
"178","DROUGHT",1997,"FATALITIES",0
"179","FIRE",1997,"FATALITIES",1
"180","HAIL",1998,"FATALITIES",1
"181","STORM",1998,"FATALITIES",96
"182","FLOOD",1998,"FATALITIES",129
"183","WINTER WEATHER",1998,"FATALITIES",67
"184","HIGH WINDS",1998,"FATALITIES",24
"185","TORNADO",1998,"FATALITIES",130
"186","MARINE SQUALL",1998,"FATALITIES",18
"187","EXTREME TEMPERATURE",1998,"FATALITIES",184
"188","OTHER",1998,"FATALITIES",21
"189","DROUGHT",1998,"FATALITIES",0
"190","HURRICANE",1998,"FATALITIES",4
"191","FIRE",1998,"FATALITIES",0
"192","STORM",1999,"FATALITIES",80
"193","HAIL",1999,"FATALITIES",0
"194","HIGH WINDS",1999,"FATALITIES",33
"195","EXTREME TEMPERATURE",1999,"FATALITIES",506
"196","MARINE SQUALL",1999,"FATALITIES",26
"197","FLOOD",1999,"FATALITIES",65
"198","WINTER WEATHER",1999,"FATALITIES",41
"199","OTHER",1999,"FATALITIES",32
"200","TORNADO",1999,"FATALITIES",94
"201","DROUGHT",1999,"FATALITIES",0
"202","FIRE",1999,"FATALITIES",2
"203","HURRICANE",1999,"FATALITIES",16
"204","STORM",2000,"FATALITIES",81
"205","HAIL",2000,"FATALITIES",2
"206","FLOOD",2000,"FATALITIES",34
"207","TORNADO",2000,"FATALITIES",41
"208","HIGH WINDS",2000,"FATALITIES",26
"209","WINTER WEATHER",2000,"FATALITIES",41
"210","OTHER",2000,"FATALITIES",31
"211","MARINE SQUALL",2000,"FATALITIES",29
"212","EXTREME TEMPERATURE",2000,"FATALITIES",184
"213","DROUGHT",2000,"FATALITIES",0
"214","FIRE",2000,"FATALITIES",3
"215","HURRICANE",2000,"FATALITIES",0
"216","STORM",2001,"FATALITIES",84
"217","HAIL",2001,"FATALITIES",0
"218","TORNADO",2001,"FATALITIES",40
"219","FLOOD",2001,"FATALITIES",47
"220","HIGH WINDS",2001,"FATALITIES",15
"221","FIRE",2001,"FATALITIES",5
"222","WINTER WEATHER",2001,"FATALITIES",19
"223","EXTREME TEMPERATURE",2001,"FATALITIES",170
"224","MARINE SQUALL",2001,"FATALITIES",41
"225","OTHER",2001,"FATALITIES",27
"226","DROUGHT",2001,"FATALITIES",0
"227","HURRICANE",2001,"FATALITIES",0
"228","HAIL",2002,"FATALITIES",0
"229","STORM",2002,"FATALITIES",70
"230","EXTREME TEMPERATURE",2002,"FATALITIES",176
"231","FLOOD",2002,"FATALITIES",42
"232","WINTER WEATHER",2002,"FATALITIES",20
"233","TORNADO",2002,"FATALITIES",55
"234","HIGH WINDS",2002,"FATALITIES",29
"235","MARINE SQUALL",2002,"FATALITIES",48
"236","HURRICANE",2002,"FATALITIES",0
"237","OTHER",2002,"FATALITIES",45
"238","FIRE",2002,"FATALITIES",1
"239","DROUGHT",2002,"FATALITIES",0
"240","STORM",2003,"FATALITIES",72
"241","FLOOD",2003,"FATALITIES",77
"242","HAIL",2003,"FATALITIES",0
"243","EXTREME TEMPERATURE",2003,"FATALITIES",56
"244","TORNADO",2003,"FATALITIES",54
"245","HIGH WINDS",2003,"FATALITIES",24
"246","MARINE SQUALL",2003,"FATALITIES",51
"247","WINTER WEATHER",2003,"FATALITIES",28
"248","OTHER",2003,"FATALITIES",31
"249","FIRE",2003,"FATALITIES",24
"250","DROUGHT",2003,"FATALITIES",1
"251","HURRICANE",2003,"FATALITIES",6
"252","STORM",2004,"FATALITIES",60
"253","HAIL",2004,"FATALITIES",0
"254","EXTREME TEMPERATURE",2004,"FATALITIES",33
"255","FLOOD",2004,"FATALITIES",76
"256","HIGH WINDS",2004,"FATALITIES",26
"257","WINTER WEATHER",2004,"FATALITIES",28
"258","DROUGHT",2004,"FATALITIES",0
"259","TORNADO",2004,"FATALITIES",35
"260","OTHER",2004,"FATALITIES",17
"261","HURRICANE",2004,"FATALITIES",23
"262","MARINE SQUALL",2004,"FATALITIES",36
"263","FIRE",2004,"FATALITIES",0
"264","EXTREME TEMPERATURE",2005,"FATALITIES",182
"265","TORNADO",2005,"FATALITIES",38
"266","STORM",2005,"FATALITIES",59
"267","HIGH WINDS",2005,"FATALITIES",7
"268","WINTER WEATHER",2005,"FATALITIES",34
"269","HAIL",2005,"FATALITIES",1
"270","FLOOD",2005,"FATALITIES",40
"271","HURRICANE",2005,"FATALITIES",34
"272","MARINE SQUALL",2005,"FATALITIES",36
"273","FIRE",2005,"FATALITIES",6
"274","DROUGHT",2005,"FATALITIES",0
"275","OTHER",2005,"FATALITIES",22
"276","TORNADO",2006,"FATALITIES",67
"277","STORM",2006,"FATALITIES",59
"278","HAIL",2006,"FATALITIES",0
"279","FLOOD",2006,"FATALITIES",78
"280","EXTREME TEMPERATURE",2006,"FATALITIES",260
"281","HIGH WINDS",2006,"FATALITIES",36
"282","WINTER WEATHER",2006,"FATALITIES",19
"283","DROUGHT",2006,"FATALITIES",0
"284","OTHER",2006,"FATALITIES",19
"285","FIRE",2006,"FATALITIES",15
"286","MARINE SQUALL",2006,"FATALITIES",33
"287","TORNADO",2007,"FATALITIES",81
"288","HAIL",2007,"FATALITIES",0
"289","FLOOD",2007,"FATALITIES",87
"290","STORM",2007,"FATALITIES",63
"291","WINTER WEATHER",2007,"FATALITIES",9
"292","HIGH WINDS",2007,"FATALITIES",10
"293","DROUGHT",2007,"FATALITIES",0
"294","MARINE SQUALL",2007,"FATALITIES",52
"295","EXTREME TEMPERATURE",2007,"FATALITIES",71
"296","OTHER",2007,"FATALITIES",19
"297","FIRE",2007,"FATALITIES",17
"298","HURRICANE",2007,"FATALITIES",1
"299","STORM",2008,"FATALITIES",54
"300","DROUGHT",2008,"FATALITIES",1
"301","HIGH WINDS",2008,"FATALITIES",28
"302","HAIL",2008,"FATALITIES",2
"303","TORNADO",2008,"FATALITIES",129
"304","WINTER WEATHER",2008,"FATALITIES",17
"305","FLOOD",2008,"FATALITIES",74
"306","MARINE SQUALL",2008,"FATALITIES",59
"307","EXTREME TEMPERATURE",2008,"FATALITIES",81
"308","OTHER",2008,"FATALITIES",25
"309","FIRE",2008,"FATALITIES",3
"310","HURRICANE",2008,"FATALITIES",1
"311","FLOOD",2009,"FATALITIES",55
"312","HIGH WINDS",2009,"FATALITIES",14
"313","WINTER WEATHER",2009,"FATALITIES",19
"314","STORM",2009,"FATALITIES",63
"315","EXTREME TEMPERATURE",2009,"FATALITIES",61
"316","OTHER",2009,"FATALITIES",7
"317","HAIL",2009,"FATALITIES",0
"318","TORNADO",2009,"FATALITIES",21
"319","FIRE",2009,"FATALITIES",2
"320","MARINE SQUALL",2009,"FATALITIES",52
"321","DROUGHT",2009,"FATALITIES",0
"322","STORM",2010,"FATALITIES",44
"323","TORNADO",2010,"FATALITIES",45
"324","HAIL",2010,"FATALITIES",0
"325","FLOOD",2010,"FATALITIES",104
"326","WINTER WEATHER",2010,"FATALITIES",11
"327","EXTREME TEMPERATURE",2010,"FATALITIES",110
"328","HIGH WINDS",2010,"FATALITIES",15
"329","OTHER",2010,"FATALITIES",22
"330","MARINE SQUALL",2010,"FATALITIES",59
"331","FIRE",2010,"FATALITIES",2
"332","DROUGHT",2010,"FATALITIES",0
"333","FLOOD",2011,"FATALITIES",118
"334","HIGH WINDS",2011,"FATALITIES",14
"335","WINTER WEATHER",2011,"FATALITIES",4
"336","EXTREME TEMPERATURE",2011,"FATALITIES",122
"337","MARINE SQUALL",2011,"FATALITIES",35
"338","DROUGHT",2011,"FATALITIES",0
"339","OTHER",2011,"FATALITIES",11
"340","STORM",2011,"FATALITIES",84
"341","TORNADO",2011,"FATALITIES",587
"342","HAIL",2011,"FATALITIES",0
"343","FIRE",2011,"FATALITIES",6
"344","HURRICANE",2011,"FATALITIES",0
"345","TORNADO",1950,"INJURIES",659
"346","TORNADO",1951,"INJURIES",524
"347","TORNADO",1952,"INJURIES",1915
"348","TORNADO",1953,"INJURIES",5131
"349","TORNADO",1954,"INJURIES",715
"350","TORNADO",1955,"INJURIES",926
"351","STORM",1955,"INJURIES",0
"352","HAIL",1955,"INJURIES",0
"353","STORM",1956,"INJURIES",0
"354","HAIL",1956,"INJURIES",0
"355","TORNADO",1956,"INJURIES",1355
"356","TORNADO",1957,"INJURIES",1976
"357","HAIL",1957,"INJURIES",0
"358","STORM",1957,"INJURIES",0
"359","TORNADO",1958,"INJURIES",535
"360","STORM",1958,"INJURIES",0
"361","HAIL",1958,"INJURIES",0
"362","TORNADO",1959,"INJURIES",734
"363","STORM",1959,"INJURIES",0
"364","HAIL",1959,"INJURIES",0
"365","TORNADO",1960,"INJURIES",737
"366","STORM",1960,"INJURIES",0
"367","HAIL",1960,"INJURIES",0
"368","TORNADO",1961,"INJURIES",1087
"369","STORM",1961,"INJURIES",0
"370","HAIL",1961,"INJURIES",0
"371","TORNADO",1962,"INJURIES",551
"372","STORM",1962,"INJURIES",0
"373","HAIL",1962,"INJURIES",0
"374","STORM",1963,"INJURIES",0
"375","TORNADO",1963,"INJURIES",538
"376","HAIL",1963,"INJURIES",0
"377","TORNADO",1964,"INJURIES",1148
"378","STORM",1964,"INJURIES",0
"379","HAIL",1964,"INJURIES",0
"380","TORNADO",1965,"INJURIES",5197
"381","STORM",1965,"INJURIES",0
"382","HAIL",1965,"INJURIES",0
"383","STORM",1966,"INJURIES",0
"384","TORNADO",1966,"INJURIES",2030
"385","HAIL",1966,"INJURIES",0
"386","TORNADO",1967,"INJURIES",2144
"387","STORM",1967,"INJURIES",0
"388","HAIL",1967,"INJURIES",0
"389","TORNADO",1968,"INJURIES",2522
"390","STORM",1968,"INJURIES",0
"391","HAIL",1968,"INJURIES",0
"392","HAIL",1969,"INJURIES",0
"393","STORM",1969,"INJURIES",0
"394","TORNADO",1969,"INJURIES",1311
"395","STORM",1970,"INJURIES",0
"396","TORNADO",1970,"INJURIES",1355
"397","HAIL",1970,"INJURIES",0
"398","STORM",1971,"INJURIES",0
"399","TORNADO",1971,"INJURIES",2723
"400","HAIL",1971,"INJURIES",0
"401","TORNADO",1972,"INJURIES",976
"402","STORM",1972,"INJURIES",0
"403","HAIL",1972,"INJURIES",0
"404","STORM",1973,"INJURIES",0
"405","TORNADO",1973,"INJURIES",2406
"406","HAIL",1973,"INJURIES",0
"407","HAIL",1974,"INJURIES",0
"408","TORNADO",1974,"INJURIES",6824
"409","STORM",1974,"INJURIES",0
"410","HAIL",1975,"INJURIES",0
"411","STORM",1975,"INJURIES",0
"412","TORNADO",1975,"INJURIES",1457
"413","STORM",1976,"INJURIES",0
"414","TORNADO",1976,"INJURIES",1195
"415","HAIL",1976,"INJURIES",0
"416","STORM",1977,"INJURIES",0
"417","TORNADO",1977,"INJURIES",771
"418","HAIL",1977,"INJURIES",0
"419","STORM",1978,"INJURIES",0
"420","TORNADO",1978,"INJURIES",919
"421","HAIL",1978,"INJURIES",0
"422","STORM",1979,"INJURIES",0
"423","HAIL",1979,"INJURIES",0
"424","TORNADO",1979,"INJURIES",3014
"425","HAIL",1980,"INJURIES",0
"426","STORM",1980,"INJURIES",0
"427","TORNADO",1980,"INJURIES",1157
"428","STORM",1981,"INJURIES",0
"429","TORNADO",1981,"INJURIES",798
"430","HAIL",1981,"INJURIES",0
"431","TORNADO",1982,"INJURIES",1276
"432","HAIL",1982,"INJURIES",0
"433","STORM",1982,"INJURIES",0
"434","STORM",1983,"INJURIES",60
"435","TORNADO",1983,"INJURIES",756
"436","HAIL",1983,"INJURIES",0
"437","STORM",1984,"INJURIES",283
"438","TORNADO",1984,"INJURIES",2499
"439","HAIL",1984,"INJURIES",76
"440","TORNADO",1985,"INJURIES",1299
"441","STORM",1985,"INJURIES",196
"442","HAIL",1985,"INJURIES",18
"443","STORM",1986,"INJURIES",309
"444","HAIL",1986,"INJURIES",70
"445","TORNADO",1986,"INJURIES",536
"446","STORM",1987,"INJURIES",371
"447","HAIL",1987,"INJURIES",27
"448","TORNADO",1987,"INJURIES",1018
"449","HAIL",1988,"INJURIES",8
"450","STORM",1988,"INJURIES",334
"451","TORNADO",1988,"INJURIES",688
"452","TORNADO",1989,"INJURIES",1270
"453","STORM",1989,"INJURIES",382
"454","HAIL",1989,"INJURIES",23
"455","HAIL",1990,"INJURIES",67
"456","STORM",1990,"INJURIES",580
"457","TORNADO",1990,"INJURIES",1177
"458","STORM",1991,"INJURIES",487
"459","HAIL",1991,"INJURIES",4
"460","TORNADO",1991,"INJURIES",864
"461","STORM",1992,"INJURIES",323
"462","TORNADO",1992,"INJURIES",1323
"463","HAIL",1992,"INJURIES",108
"464","WINTER WEATHER",1995,"INJURIES",202
"465","WINTER WEATHER",1994,"INJURIES",1981
"466","WINTER WEATHER",1993,"INJURIES",607
"467","HURRICANE",1995,"INJURIES",4
"468","HAIL",1993,"INJURIES",17
"469","STORM",1993,"INJURIES",311
"470","STORM",1994,"INJURIES",884
"471","TORNADO",1994,"INJURIES",808
"472","HAIL",1994,"INJURIES",27
"473","HAIL",1995,"INJURIES",203
"474","STORM",1995,"INJURIES",1091
"475","EXTREME TEMPERATURE",1995,"INJURIES",1131
"476","OTHER",1995,"INJURIES",151
"477","MARINE SQUALL",1995,"INJURIES",376
"478","TORNADO",1995,"INJURIES",1120
"479","FLOOD",1995,"INJURIES",78
"480","HIGH WINDS",1993,"INJURIES",184
"481","HIGH WINDS",1995,"INJURIES",120
"482","TORNADO",1993,"INJURIES",778
"483","HIGH WINDS",1994,"INJURIES",62
"484","FLOOD",1994,"INJURIES",41
"485","OTHER",1993,"INJURIES",13
"486","FLOOD",1993,"INJURIES",42
"487","EXTREME TEMPERATURE",1994,"INJURIES",269
"488","MARINE SQUALL",1994,"INJURIES",6
"489","EXTREME TEMPERATURE",1993,"INJURIES",10
"490","MARINE SQUALL",1993,"INJURIES",22
"491","OTHER",1994,"INJURIES",81
"492","DROUGHT",1995,"INJURIES",4
"493","DROUGHT",1994,"INJURIES",0
"494","FIRE",1993,"INJURIES",150
"495","FIRE",1994,"INJURIES",0
"496","FIRE",1995,"INJURIES",0
"497","HURRICANE",1993,"INJURIES",1
"498","DROUGHT",1993,"INJURIES",0
"499","HURRICANE",1994,"INJURIES",0
"500","WINTER WEATHER",1996,"INJURIES",673
"501","TORNADO",1996,"INJURIES",705
"502","STORM",1996,"INJURIES",704
"503","HAIL",1996,"INJURIES",82
"504","HIGH WINDS",1996,"INJURIES",113
"505","FLOOD",1996,"INJURIES",63
"506","EXTREME TEMPERATURE",1996,"INJURIES",89
"507","OTHER",1996,"INJURIES",170
"508","MARINE SQUALL",1996,"INJURIES",66
"509","FIRE",1996,"INJURIES",33
"510","DROUGHT",1996,"INJURIES",0
"511","HURRICANE",1996,"INJURIES",16
"512","STORM",1997,"INJURIES",794
"513","TORNADO",1997,"INJURIES",1033
"514","HAIL",1997,"INJURIES",5
"515","EXTREME TEMPERATURE",1997,"INJURIES",361
"516","FLOOD",1997,"INJURIES",519
"517","WINTER WEATHER",1997,"INJURIES",616
"518","HIGH WINDS",1997,"INJURIES",122
"519","MARINE SQUALL",1997,"INJURIES",41
"520","HURRICANE",1997,"INJURIES",0
"521","OTHER",1997,"INJURIES",109
"522","DROUGHT",1997,"INJURIES",2
"523","FIRE",1997,"INJURIES",7
"524","HAIL",1998,"INJURIES",45
"525","STORM",1998,"INJURIES",1238
"526","FLOOD",1998,"INJURIES",6439
"527","WINTER WEATHER",1998,"INJURIES",296
"528","HIGH WINDS",1998,"INJURIES",99
"529","TORNADO",1998,"INJURIES",1875
"530","MARINE SQUALL",1998,"INJURIES",22
"531","EXTREME TEMPERATURE",1998,"INJURIES",660
"532","OTHER",1998,"INJURIES",385
"533","DROUGHT",1998,"INJURIES",0
"534","HURRICANE",1998,"INJURIES",9
"535","FIRE",1998,"INJURIES",92
"536","STORM",1999,"INJURIES",622
"537","HAIL",1999,"INJURIES",46
"538","HIGH WINDS",1999,"INJURIES",148
"539","EXTREME TEMPERATURE",1999,"INJURIES",1353
"540","MARINE SQUALL",1999,"INJURIES",58
"541","FLOOD",1999,"INJURIES",289
"542","WINTER WEATHER",1999,"INJURIES",405
"543","OTHER",1999,"INJURIES",105
"544","TORNADO",1999,"INJURIES",1842
"545","DROUGHT",1999,"INJURIES",0
"546","FIRE",1999,"INJURIES",127
"547","HURRICANE",1999,"INJURIES",4
"548","STORM",2000,"INJURIES",713
"549","HAIL",2000,"INJURIES",57
"550","FLOOD",2000,"INJURIES",38
"551","TORNADO",2000,"INJURIES",882
"552","HIGH WINDS",2000,"INJURIES",172
"553","WINTER WEATHER",2000,"INJURIES",182
"554","OTHER",2000,"INJURIES",144
"555","MARINE SQUALL",2000,"INJURIES",22
"556","EXTREME TEMPERATURE",2000,"INJURIES",468
"557","DROUGHT",2000,"INJURIES",0
"558","FIRE",2000,"INJURIES",100
"559","HURRICANE",2000,"INJURIES",0
"560","STORM",2001,"INJURIES",725
"561","HAIL",2001,"INJURIES",32
"562","TORNADO",2001,"INJURIES",743
"563","FLOOD",2001,"INJURIES",269
"564","HIGH WINDS",2001,"INJURIES",95
"565","FIRE",2001,"INJURIES",47
"566","WINTER WEATHER",2001,"INJURIES",174
"567","EXTREME TEMPERATURE",2001,"INJURIES",445
"568","MARINE SQUALL",2001,"INJURIES",83
"569","OTHER",2001,"INJURIES",83
"570","DROUGHT",2001,"INJURIES",1
"571","HURRICANE",2001,"INJURIES",0
"572","HAIL",2002,"INJURIES",125
"573","STORM",2002,"INJURIES",581
"574","EXTREME TEMPERATURE",2002,"INJURIES",378
"575","FLOOD",2002,"INJURIES",75
"576","WINTER WEATHER",2002,"INJURIES",193
"577","TORNADO",2002,"INJURIES",968
"578","HIGH WINDS",2002,"INJURIES",135
"579","MARINE SQUALL",2002,"INJURIES",50
"580","HURRICANE",2002,"INJURIES",3
"581","OTHER",2002,"INJURIES",166
"582","FIRE",2002,"INJURIES",138
"583","DROUGHT",2002,"INJURIES",1
"584","STORM",2003,"INJURIES",806
"585","FLOOD",2003,"INJURIES",59
"586","HAIL",2003,"INJURIES",121
"587","EXTREME TEMPERATURE",2003,"INJURIES",188
"588","TORNADO",2003,"INJURIES",1087
"589","HIGH WINDS",2003,"INJURIES",150
"590","MARINE SQUALL",2003,"INJURIES",55
"591","WINTER WEATHER",2003,"INJURIES",112
"592","OTHER",2003,"INJURIES",70
"593","FIRE",2003,"INJURIES",251
"594","DROUGHT",2003,"INJURIES",3
"595","HURRICANE",2003,"INJURIES",2
"596","STORM",2004,"INJURIES",542
"597","HAIL",2004,"INJURIES",4
"598","EXTREME TEMPERATURE",2004,"INJURIES",76
"599","FLOOD",2004,"INJURIES",126
"600","HIGH WINDS",2004,"INJURIES",68
"601","WINTER WEATHER",2004,"INJURIES",190
"602","DROUGHT",2004,"INJURIES",5
"603","TORNADO",2004,"INJURIES",396
"604","OTHER",2004,"INJURIES",62
"605","HURRICANE",2004,"INJURIES",802
"606","MARINE SQUALL",2004,"INJURIES",44
"607","FIRE",2004,"INJURIES",63
"608","EXTREME TEMPERATURE",2005,"INJURIES",299
"609","TORNADO",2005,"INJURIES",537
"610","STORM",2005,"INJURIES",576
"611","HIGH WINDS",2005,"INJURIES",42
"612","WINTER WEATHER",2005,"INJURIES",72
"613","HAIL",2005,"INJURIES",8
"614","FLOOD",2005,"INJURIES",39
"615","HURRICANE",2005,"INJURIES",118
"616","MARINE SQUALL",2005,"INJURIES",18
"617","FIRE",2005,"INJURIES",82
"618","DROUGHT",2005,"INJURIES",0
"619","OTHER",2005,"INJURIES",39
"620","TORNADO",2006,"INJURIES",992
"621","STORM",2006,"INJURIES",511
"622","HAIL",2006,"INJURIES",18
"623","FLOOD",2006,"INJURIES",23
"624","EXTREME TEMPERATURE",2006,"INJURIES",1518
"625","HIGH WINDS",2006,"INJURIES",82
"626","WINTER WEATHER",2006,"INJURIES",38
"627","DROUGHT",2006,"INJURIES",5
"628","OTHER",2006,"INJURIES",48
"629","FIRE",2006,"INJURIES",92
"630","MARINE SQUALL",2006,"INJURIES",27
"631","TORNADO",2007,"INJURIES",659
"632","HAIL",2007,"INJURIES",25
"633","FLOOD",2007,"INJURIES",59
"634","STORM",2007,"INJURIES",405
"635","WINTER WEATHER",2007,"INJURIES",166
"636","HIGH WINDS",2007,"INJURIES",47
"637","DROUGHT",2007,"INJURIES",0
"638","MARINE SQUALL",2007,"INJURIES",19
"639","EXTREME TEMPERATURE",2007,"INJURIES",577
"640","OTHER",2007,"INJURIES",15
"641","FIRE",2007,"INJURIES",185
"642","HURRICANE",2007,"INJURIES",12
"643","STORM",2008,"INJURIES",479
"644","DROUGHT",2008,"INJURIES",14
"645","HIGH WINDS",2008,"INJURIES",82
"646","HAIL",2008,"INJURIES",12
"647","TORNADO",2008,"INJURIES",1690
"648","WINTER WEATHER",2008,"INJURIES",99
"649","FLOOD",2008,"INJURIES",46
"650","MARINE SQUALL",2008,"INJURIES",78
"651","EXTREME TEMPERATURE",2008,"INJURIES",139
"652","OTHER",2008,"INJURIES",14
"653","FIRE",2008,"INJURIES",32
"654","HURRICANE",2008,"INJURIES",0
"655","FLOOD",2009,"INJURIES",27
"656","HIGH WINDS",2009,"INJURIES",46
"657","WINTER WEATHER",2009,"INJURIES",124
"658","STORM",2009,"INJURIES",398
"659","EXTREME TEMPERATURE",2009,"INJURIES",26
"660","OTHER",2009,"INJURIES",12
"661","HAIL",2009,"INJURIES",70
"662","TORNADO",2009,"INJURIES",397
"663","FIRE",2009,"INJURIES",68
"664","MARINE SQUALL",2009,"INJURIES",43
"665","DROUGHT",2009,"INJURIES",3
"666","STORM",2010,"INJURIES",502
"667","TORNADO",2010,"INJURIES",699
"668","HAIL",2010,"INJURIES",42
"669","FLOOD",2010,"INJURIES",315
"670","WINTER WEATHER",2010,"INJURIES",28
"671","EXTREME TEMPERATURE",2010,"INJURIES",103
"672","HIGH WINDS",2010,"INJURIES",45
"673","OTHER",2010,"INJURIES",20
"674","MARINE SQUALL",2010,"INJURIES",64
"675","FIRE",2010,"INJURIES",24
"676","DROUGHT",2010,"INJURIES",0
"677","FLOOD",2011,"INJURIES",41
"678","HIGH WINDS",2011,"INJURIES",43
"679","WINTER WEATHER",2011,"INJURIES",0
"680","EXTREME TEMPERATURE",2011,"INJURIES",751
"681","MARINE SQUALL",2011,"INJURIES",36
"682","DROUGHT",2011,"INJURIES",8
"683","OTHER",2011,"INJURIES",8
"684","STORM",2011,"INJURIES",573
"685","TORNADO",2011,"INJURIES",6163
"686","HAIL",2011,"INJURIES",31
"687","FIRE",2011,"INJURIES",116
"688","HURRICANE",2011,"INJURIES",0
